	seq	aa_seq	t0_tech1_bio1	t1_tech1_bio1	t2_tech1_bio1	t0_tech1_bio2	t1_tech1_bio2	t2_tech1_bio2	t0_tech2_bio1	t1_tech2_bio1	t2_tech2_bio1	t0_tech2_bio2	t1_tech2_bio2	t2_tech2_bio2	total_tech1	total_tech2	min_read_tech1	min_read_tech2	size	t0_tech1_bio1_fr	t0_tech1_bio2_fr	t0_tech2_bio1_fr	t0_tech2_bio2_fr	t0_fr_mean	t0_fr_median	t0_fr	t1_tech1_bio1_fr	t1_tech1_bio2_fr	t1_tech2_bio1_fr	t1_tech2_bio2_fr	t1_fr_mean	t1_fr_median	t1_fr	t2_tech1_bio1_fr	t2_tech1_bio2_fr	t2_tech2_bio1_fr	t2_tech2_bio2_fr	t2_fr_mean	t2_fr_median	t2_fr	t0_fr_mean_var	t1_fr_mean_var	t2_fr_mean_var	t0_fr_median_var	t1_fr_median_var	t2_fr_median_var	t0_fr_var	t1_fr_var	t2_fr_var
810908	GCCCTAGTAAAGCGTATTACAAATGAAACCAAGATTCAGATTGCGATCTCTTTAAAG	ALVKRITNETKIQIAISLK	827.0	4917.0	7330.0	1162.0	2634.0	3329.0	2707.0	5423.0	16346.0	9657.0	2908.0	4120.0	20199.0	41161.0	204.42115164	518.16924324	4	184.016099072	198.502417134	613.2791358	1334.55553579	582.58829695	405.890776467	582.58829695	578.339135152	599.3696379	602.688682789	644.304057454	606.175378324	601.029160345	606.175378324	895.029739897	898.700353487	1516.4449765	945.33312897	1063.87704971	922.016741229	1063.87704971	210.808040803	153.656980492	478.433241244	146.631224236	152.346294684	414.497166155	210.808040803	153.656980492	478.433241244
