Amino acid residue;pKa of ionizing side chaina;Average residue mass (daltons);Monoisotopic mass (daltons);Occurrence in proteins, %;Percent buried residues;Average volume of buried residues, A3;Van der Waals volume, A3;;Accessible surface area, A2;;Ranking of amino acid polarities
Alanine;-;71.0788;71.03711;7.5;38 (12);92;67;;67;;9 (7)
Arginine;12.5 (>12);156.1876;156.10111;5.2;0 (0);225;148;;196;;15 (19)
Asparagine;-;114.1039;114.04293;4.6;10 (2);135;96;;113;;16 (16)
Aspartic acid;3.9 (4.4-4.6);115.0886;115.02694;5.2;14.5 (3);125;91;;106;;19 (18)
Cysteine;8.3 (8.5-8.8);103.1448;103.00919;1.8;47 (3);106;86;;104;;7 (8)
Glutamine;-;128.1308;128.05858;4.1;6.3 (2.2);161;114;;144;;17 (14)
Glutamic acid;4.3 (4.4-4.6);129.1155;129.04259;6.3;20 (2);155;109;;138;;18 (17)
Glycine;-;57.0520;57.02146;7.1;37 (10);66;48;;;;11 (9)
Histidine;6.0 (6.5-7.0);137.1412;137.05891;2.2;19 (1.2);167;118;;151;;10 (13)
Isoleucine;-;113.1595;113.08406;5.5;65 (12);169;124;;140;;1 (2)
Leucine;-;113.1595;113.08406;9.1;41 (10);168;124;;137;;3 (1)
Lysine;10.8 (10.0-10.2);128.1742;128.09496;5.8;4.2 (0.1);171;135;;167;;20 (15)
Methionine;-;131.1986;131.04049;2.8;50 (2);171;124;;160;;5 (5)
Phenylalanine;-;147.1766;147.06841;3.9;48 (5);203;135;;175;;2 (4)
Proline;-;97.1167;97.05276;5.1;24 (3);129;90;;105;;13 (nan)
Serine;-;87.0782;87.03203;7.4;24 (8);99;73;;80;;14 (12)
Threonine;-;101.1051;101.04768;6.0;25 (5.5);122;93;;102;;12 (11)
Tryptophan;-;186.2133;186.07931;1.3;23 (1.5);240;163;;217;;6 (6)
Tyrosine;10.9 (9.6-10.0);163.1760;163.06333;3.3;13 (2.2);203;141;;187;;8 (10)
Valine;-;99.1326;99.06841;6.5;56 (15);142;105;;117;;4 (3)