amino_acid,pKa of ionizing side chaina,Average residue mass (daltons),Monoisotopic mass (daltons),"Occurrence in proteins, %","Average volume of buried residues, A3","Van der Waals volume, A3","Accessible surface area, A2",Fraction of buried among this aa,Fraction of buried among all buried,Polarity average ranking,Polarity ranking (Radzicka and Wolfenden 1988),aa1,aa3
alanine,-,71.0788,71.03711,7.5,92.0,67.0,67.0,38.0,12.0,9.0,7.0,A,ALA
arginine,12.5 (>12),156.1876,156.10111,5.2,225.0,148.0,196.0,0.0,0.0,15.0,19.0,R,ARG
asparagine,-,114.1039,114.04293,4.6,135.0,96.0,113.0,10.0,2.0,16.0,16.0,N,ASN
aspartic acid,3.9 (4.4-4.6),115.0886,115.02694,5.2,125.0,91.0,106.0,14.5,3.0,19.0,18.0,D,ASP
cysteine,8.3 (8.5-8.8),103.1448,103.00919,1.8,106.0,86.0,104.0,47.0,3.0,7.0,8.0,C,CYS
glutamine,-,128.1308,128.05858,4.1,161.0,114.0,144.0,6.3,2.2,17.0,14.0,Q,GLN
glutamic acid,4.3 (4.4-4.6),129.1155,129.04259,6.3,155.0,109.0,138.0,20.0,2.0,18.0,17.0,E,GLU
glycine,-,57.052,57.02146,7.1,66.0,48.0,,37.0,10.0,11.0,9.0,G,GLY
histidine,6.0 (6.5-7.0),137.1412,137.05891,2.2,167.0,118.0,151.0,19.0,1.2,10.0,13.0,H,HIS
isoleucine,-,113.1595,113.08406,5.5,169.0,124.0,140.0,65.0,12.0,1.0,2.0,I,ILE
leucine,-,113.1595,113.08406,9.1,168.0,124.0,137.0,41.0,10.0,3.0,1.0,L,LEU
lysine,10.8 (10.0-10.2),128.1742,128.09496,5.8,171.0,135.0,167.0,4.2,0.1,20.0,15.0,K,LYS
methionine,-,131.1986,131.04049,2.8,171.0,124.0,160.0,50.0,2.0,5.0,5.0,M,MET
phenylalanine,-,147.1766,147.06841,3.9,203.0,135.0,175.0,48.0,5.0,2.0,4.0,F,PHE
proline,-,97.1167,97.05276,5.1,129.0,90.0,105.0,24.0,3.0,13.0,,P,PRO
serine,-,87.0782,87.03203,7.4,99.0,73.0,80.0,24.0,8.0,14.0,12.0,S,SER
threonine,-,101.1051,101.04768,6.0,122.0,93.0,102.0,25.0,5.5,12.0,11.0,T,THR
tryptophan,-,186.2133,186.07931,1.3,240.0,163.0,217.0,23.0,1.5,6.0,6.0,W,TRP
tyrosine,10.9 (9.6-10.0),163.176,163.06333,3.3,203.0,141.0,187.0,13.0,2.2,8.0,10.0,Y,TYR
valine,-,99.1326,99.06841,6.5,142.0,105.0,117.0,56.0,15.0,4.0,3.0,V,VAL
