mut_list_Scer	ddG	ddg_score2	ddg_score3	ddg_score1
141C	6.938	-555.441	-555.441	-555.441
141C:143I	8.70266666667	-553.683	-553.673	-553.673
141C:143T	10.04	-552.339	-552.339	-552.339
141S	2.252	-560.127	-560.127	-560.127
141S:143I	6.199	-556.19	-556.19	-556.16
141S:143T	6.21933333333	-556.163	-556.159	-556.157
143I	4.515	-557.864	-557.864	-557.864
143T	4.56133333333	-557.821	-557.821	-557.811
